City_ID,City,Country,Date,Lat,Lng,Max Temp,Humidity,Cloudiness,Wind Speed
0,Port Alfred,ZA,2021-08-02 01:09:14,-33.5906,26.891,60.84,82,75,21.85
1,Mmabatho,ZA,2021-08-02 01:09:14,-25.85,25.6333,45.68,36,11,8.16
2,Atuona,PF,2021-08-02 01:07:39,-9.8,-139.0333,77.04,70,34,10.8
3,Jamestown,US,2021-08-02 01:09:15,42.097,-79.2353,62.29,91,90,1.01
4,Pacifica,US,2021-08-02 01:07:34,37.6138,-122.4869,81.73,72,20,3.0
5,Vao,NC,2021-08-02 01:09:15,-22.6667,167.4833,67.64,56,1,13.13
6,Buala,SB,2021-08-02 01:09:16,-8.145,159.5921,79.77,84,100,7.02
7,Padang,ID,2021-08-02 01:09:16,-0.9492,100.3543,75.25,88,100,3.33
8,Cap Malheureux,MU,2021-08-02 01:04:19,-19.9842,57.6142,66.47,85,16,3.0
9,Hobart,AU,2021-08-02 01:09:17,-42.8794,147.3294,52.23,68,20,1.99
10,Yellowknife,CA,2021-08-02 01:07:43,62.456,-114.3525,88.29,32,0,3.0
11,Ushuaia,AR,2021-08-02 01:07:47,-54.8,-68.3,38.86,81,75,11.5
12,Avarua,CK,2021-08-02 01:07:47,-21.2078,-159.775,71.65,88,75,17.27
13,Tiksi,RU,2021-08-02 01:09:18,71.6872,128.8694,51.28,65,31,6.22
14,Pangnirtung,CA,2021-08-02 01:09:18,66.1451,-65.7125,52.39,77,100,1.61
15,Busselton,AU,2021-08-02 01:09:19,-33.65,115.3333,47.05,68,100,7.72
16,Rajula,IN,2021-08-02 01:09:19,21.05,71.4333,79.97,85,100,15.03
17,Honningsvag,NO,2021-08-02 01:09:20,70.9821,25.9704,45.82,85,100,15.48
18,Rikitea,PF,2021-08-02 01:07:49,-23.1203,-134.9692,69.13,57,5,19.44
19,Barrow,US,2021-08-02 01:09:20,71.2906,-156.7887,48.22,75,90,13.8
20,San Patricio,US,2021-08-02 01:09:21,28.017,-97.5169,88.52,68,3,13.09
21,Mar Del Plata,AR,2021-08-02 01:08:32,-38.0023,-57.5575,44.1,1,0,1.99
22,Cape Town,ZA,2021-08-02 01:07:51,-33.9258,18.4232,57.11,84,28,1.99
23,Carman,CA,2021-08-02 01:09:22,49.4992,-98.0016,84.9,23,0,2.73
24,Lagoa,PT,2021-08-02 01:09:22,39.05,-27.9833,71.83,95,100,14.88
25,Cidreira,BR,2021-08-02 01:09:22,-30.1811,-50.2056,55.8,94,4,4.45
26,Hermanus,ZA,2021-08-02 01:09:23,-34.4187,19.2345,55.8,86,97,5.35
27,Katsuura,JP,2021-08-02 01:09:23,35.1333,140.3,87.82,79,87,8.34
28,Punta Arenas,CL,2021-08-02 01:09:24,-53.15,-70.9167,41.11,87,40,13.8
29,Bredasdorp,ZA,2021-08-02 01:09:24,-34.5322,20.0403,55.27,90,100,3.51
30,Saskylakh,RU,2021-08-02 01:09:24,71.9167,114.0833,78.46,37,5,6.29
31,Tasiilaq,GL,2021-08-02 01:07:47,65.6145,-37.6368,44.76,77,100,3.83
32,Caravelas,BR,2021-08-02 01:08:13,-17.7125,-39.2481,68.02,67,48,7.78
33,Thompson,CA,2021-08-02 01:09:25,55.7435,-97.8558,77.49,35,99,4.12
34,Mataura,NZ,2021-08-02 01:09:25,-46.1927,168.8643,45.48,83,100,2.1
35,Malkara,TR,2021-08-02 01:09:26,40.89,26.9011,73.98,53,0,2.15
36,Awjilah,LY,2021-08-02 01:09:26,29.1081,21.2869,82.29,38,0,7.76
37,Kaitangata,NZ,2021-08-02 01:09:27,-46.2817,169.8464,52.93,70,100,1.57
38,Chokurdakh,RU,2021-08-02 01:09:27,70.6333,147.9167,45.09,57,73,7.54
39,Saint-Philippe,RE,2021-08-02 01:09:28,-21.3585,55.7679,67.55,72,43,7.29
40,Esperance,AU,2021-08-02 01:09:28,-33.8667,121.9,54.21,67,100,19.6
41,Svetlaya,RU,2021-08-02 01:09:28,46.5389,138.3297,66.13,80,100,10.78
42,Tuktoyaktuk,CA,2021-08-02 01:09:29,69.4541,-133.0374,49.91,88,100,11.95
43,Georgetown,MY,2021-08-02 01:04:33,5.4112,100.3354,80.53,82,20,3.44
44,Bandarbeyla,SO,2021-08-02 01:09:29,9.4942,50.8122,82.09,62,11,27.92
45,Airai,TL,2021-08-02 01:09:30,-8.9266,125.4092,70.92,54,37,4.07
46,Shimoda,JP,2021-08-02 01:09:30,34.6667,138.95,84.24,70,63,8.03
47,Road Town,VG,2021-08-02 01:09:31,18.4167,-64.6167,82.2,75,0,15.05
48,Pisco,PE,2021-08-02 01:04:51,-13.7,-76.2167,62.65,82,90,11.5
49,Saint Anthony,US,2021-08-02 01:09:31,45.0205,-93.218,75.9,46,40,1.01
50,Wanning,CN,2021-08-02 01:09:32,18.8003,110.3967,82.72,83,100,10.29
51,Butaritari,KI,2021-08-02 01:08:26,3.0707,172.7902,83.25,68,73,9.19
52,Mount Gambier,AU,2021-08-02 01:09:32,-37.8333,140.7667,53.65,69,0,14.63
53,Tazovskiy,RU,2021-08-02 01:09:32,67.4667,78.7,54.63,74,100,9.26
54,Narsaq,GL,2021-08-02 01:09:33,60.9167,-46.05,59.22,74,100,6.76
55,Barra Do Garcas,BR,2021-08-02 01:09:33,-15.89,-52.2567,73.08,34,5,4.61
56,Bethel,US,2021-08-02 01:09:34,41.3712,-73.414,70.54,90,90,3.44
57,Richards Bay,ZA,2021-08-02 01:09:35,-28.783,32.0377,62.55,43,82,5.21
58,Elbistan,TR,2021-08-02 01:09:35,38.2059,37.1983,66.78,62,0,3.29
59,Peace River,CA,2021-08-02 01:06:23,56.2501,-117.286,90.61,32,100,3.04
60,Constitucion,CL,2021-08-02 01:09:36,-35.3333,-72.4167,53.22,65,0,6.71
61,New Norfolk,AU,2021-08-02 01:09:36,-42.7826,147.0587,51.89,77,93,1.01
62,Hilo,US,2021-08-02 01:05:29,19.7297,-155.09,82.13,69,90,10.36
63,Madera,US,2021-08-02 01:09:37,37.1666,-119.8343,105.46,14,0,3.0
64,Alice Springs,AU,2021-08-02 01:09:37,-23.7,133.8833,67.55,28,31,16.11
65,Bluff,NZ,2021-08-02 01:09:38,-46.6,168.3333,45.81,80,100,7.2
66,Farah,AF,2021-08-02 01:08:51,32.5,62.5,75.56,17,0,5.93
67,Yulara,AU,2021-08-02 01:09:38,-25.2406,130.9889,57.04,41,0,12.66
68,Guerrero Negro,MX,2021-08-02 01:05:33,27.9769,-114.0611,78.21,66,0,16.78
69,Ancud,CL,2021-08-02 01:09:39,-41.8697,-73.8203,47.73,86,100,3.36
70,Albany,US,2021-08-02 01:05:07,42.6001,-73.9662,65.08,93,100,1.3
71,Lebu,CL,2021-08-02 01:08:57,-37.6167,-73.65,49.82,80,5,19.19
72,Ha Tinh,VN,2021-08-02 01:09:40,18.3333,105.9,81.93,76,100,7.52
73,Gazanjyk,TM,2021-08-02 01:09:40,39.2446,55.5154,80.38,16,2,3.31
74,Ginda,IN,2021-08-02 01:09:40,30.6945,78.4932,66.24,85,100,3.15
75,Cam Ranh,VN,2021-08-02 01:09:41,11.9214,109.1591,87.76,62,0,12.66
76,Ust-Kut,RU,2021-08-02 01:09:41,56.7938,105.7672,68.72,44,0,2.89
77,Cabo San Lucas,MX,2021-08-02 01:09:18,22.8909,-109.9124,93.51,64,20,5.01
78,Kanniyakumari,IN,2021-08-02 01:09:42,8.0833,77.5667,79.2,78,100,19.24
79,Excelsior Springs,US,2021-08-02 01:09:40,39.3392,-94.2261,79.72,62,90,5.75
80,Puerto Ayora,EC,2021-08-02 01:09:43,-0.7393,-90.3518,69.55,94,42,5.01
81,Souillac,MU,2021-08-02 01:09:43,-20.5167,57.5167,66.36,74,0,11.86
82,Saint-Francois,FR,2021-08-02 01:09:43,46.4154,3.9054,54.68,94,40,1.14
83,Kapaa,US,2021-08-02 01:09:44,22.0752,-159.319,85.98,75,75,4.0
84,Evensk,RU,2021-08-02 01:09:44,61.95,159.2333,50.05,74,100,18.7
85,Pitimbu,BR,2021-08-02 01:09:45,-7.4706,-34.8086,72.19,83,26,16.58
86,Akdepe,TM,2021-08-02 01:09:45,42.0551,59.3788,71.69,27,0,9.62
87,Tukan,RU,2021-08-02 01:09:46,53.8409,57.4552,58.24,75,92,2.84
88,Kahului,US,2021-08-02 01:08:33,20.8947,-156.47,85.26,62,20,33.38
89,Cherskiy,RU,2021-08-02 01:08:05,68.75,161.3,42.1,68,84,21.77
90,Khandyga,RU,2021-08-02 01:09:46,62.6667,135.6,79.3,27,0,6.04
91,Huarmey,PE,2021-08-02 01:09:47,-10.0681,-78.1522,64.92,84,30,8.39
92,Dongsheng,CN,2021-08-02 01:09:47,39.8161,109.9776,67.73,40,20,9.98
93,Necochea,AR,2021-08-02 01:09:48,-38.5473,-58.7368,41.65,70,0,8.84
94,Omboue,GA,2021-08-02 01:09:48,-1.5746,9.2618,75.11,79,100,6.93
95,Thanh Hoa,VN,2021-08-02 01:09:49,19.8,105.7667,82.89,83,92,2.66
96,Kodiak,US,2021-08-02 01:08:13,57.79,-152.4072,56.93,92,97,5.73
97,Haines Junction,CA,2021-08-02 01:09:49,60.7522,-137.5108,81.82,27,12,5.48
98,Monte Patria,CL,2021-08-02 01:05:53,-30.6919,-70.9467,68.45,21,0,0.13
99,Banyo,CM,2021-08-02 01:09:50,6.75,11.8167,63.28,96,100,3.91
100,Provideniya,RU,2021-08-02 01:09:50,64.3833,-173.3,44.71,76,90,22.37
101,Nikolskoye,RU,2021-08-02 01:09:51,59.7035,30.7861,61.02,83,100,5.44
102,Isangel,VU,2021-08-02 01:09:51,-19.55,169.2667,72.07,58,44,9.82
103,Faanui,PF,2021-08-02 01:09:51,-16.4833,-151.75,78.12,69,23,15.03
104,Lakes Entrance,AU,2021-08-02 01:09:52,-37.8811,147.981,57.18,48,0,5.97
105,Nouadhibou,MR,2021-08-02 01:09:52,20.931,-17.0347,69.73,86,0,17.29
106,Fortuna,US,2021-08-02 01:09:53,40.5982,-124.1573,69.93,72,20,3.0
107,Kasulu,TZ,2021-08-02 01:09:53,-4.5767,30.1025,62.73,58,17,1.34
108,Vaini,TO,2021-08-02 01:09:53,-21.2,-175.2,75.36,73,20,16.11
109,Scottsbluff,US,2021-08-02 01:09:54,41.8666,-103.6672,83.79,34,1,3.0
110,Tuatapere,NZ,2021-08-02 01:09:54,-46.1333,167.6833,45.82,89,100,5.68
111,Cruzeiro Do Sul,BR,2021-08-02 01:09:55,-29.5128,-51.9853,54.52,89,0,1.9
112,Bengkulu,ID,2021-08-02 01:09:55,-3.8004,102.2655,75.9,89,97,3.71
113,Bambous Virieux,MU,2021-08-02 01:09:55,-20.3428,57.7575,66.22,69,7,12.26
114,Ust-Tsilma,RU,2021-08-02 01:09:56,65.441,52.1498,48.67,96,49,2.51
115,Polson,US,2021-08-02 01:09:56,47.6936,-114.1632,74.41,79,100,10.96
116,Bereda,ES,2021-08-02 01:09:57,43.2686,-7.5406,59.41,100,96,2.86
117,Valasske Klobouky,CZ,2021-08-02 01:09:57,49.1406,18.0076,61.9,90,100,4.63
118,Qaanaaq,GL,2021-08-02 01:09:57,77.484,-69.3632,42.01,84,74,2.15
119,Sechura,PE,2021-08-02 01:09:58,-5.5569,-80.8222,66.56,75,0,15.5
120,Isakly,RU,2021-08-02 01:09:58,54.1333,51.5333,67.06,54,85,3.13
121,Saint-Pierre,RE,2021-08-02 01:09:59,-21.3393,55.4781,67.64,65,40,5.75
122,Batemans Bay,AU,2021-08-02 01:09:59,-35.7167,150.1833,59.2,58,0,4.79
123,Carnarvon,AU,2021-08-02 01:10:00,-24.8667,113.6333,57.92,56,0,20.51
124,Harper,LR,2021-08-02 01:10:00,4.375,-7.7169,76.3,78,100,6.15
125,Hofn,IS,2021-08-02 01:10:00,64.2539,-15.2082,53.51,92,98,2.68
126,Brae,GB,2021-08-02 01:10:01,60.3964,-1.353,48.11,80,100,12.03
127,Nampa,US,2021-08-02 01:06:00,43.5407,-116.5635,83.05,71,1,6.91
128,Severo-Kurilsk,RU,2021-08-02 01:10:01,50.6789,156.125,57.58,67,21,14.38
129,Ponta Do Sol,PT,2021-08-02 01:10:03,32.6667,-17.1,72.23,85,2,4.03
130,Kieta,PG,2021-08-02 01:10:04,-6.2167,155.6333,84.13,71,23,4.65
131,Aquiraz,BR,2021-08-02 01:10:04,-3.9014,-38.3911,80.69,68,68,8.9
132,Zavetnoye,RU,2021-08-02 01:10:05,47.1194,43.8903,78.82,35,1,1.61
133,Hami,CN,2021-08-02 01:10:05,42.8,93.45,73.42,33,6,4.34
134,Alto Paraguai,BR,2021-08-02 01:10:06,-14.5136,-56.4825,74.48,31,0,4.54
135,Bathsheba,BB,2021-08-02 01:10:06,13.2167,-59.5167,81.21,78,20,11.5
136,Ust-Kuyga,RU,2021-08-02 01:10:06,70.0167,135.6,65.46,37,0,5.41
137,Chicama,PE,2021-08-02 01:10:07,-7.8447,-79.1469,63.14,80,0,6.08
138,Beringovskiy,RU,2021-08-02 01:10:07,63.05,179.3167,45.72,79,96,21.34
139,Havelock,US,2021-08-02 01:10:08,34.8791,-76.9013,75.94,96,27,3.0
140,Roma,US,2021-08-02 01:10:08,43.2128,-75.4557,62.85,94,90,0.0
141,Copala,MX,2021-08-02 01:10:08,16.65,-98.9833,81.82,82,80,4.72
142,Ayan,RU,2021-08-02 01:10:09,56.45,138.1667,57.36,82,100,25.32
143,Kavieng,PG,2021-08-02 01:10:09,-2.5744,150.7967,83.03,76,13,7.99
144,Bowmore,US,2021-08-02 01:10:10,34.9421,-79.3031,80.19,93,20,5.75
145,San Jose,US,2021-08-02 01:07:52,37.3394,-121.895,84.11,54,20,14.97
146,Talnakh,RU,2021-08-02 01:10:10,69.4865,88.3972,60.35,77,100,5.08
147,Rassvet,RU,2021-08-02 01:10:11,46.8333,40.75,80.1,27,97,4.29
148,Hithadhoo,MV,2021-08-02 01:10:11,-0.6,73.0833,81.32,72,85,6.42
149,Port Elizabeth,ZA,2021-08-02 01:10:12,-33.918,25.5701,59.09,85,84,14.18
150,Hasaki,JP,2021-08-02 01:10:12,35.7333,140.8333,88.29,80,20,10.04
151,Tsiroanomandidy,MG,2021-08-02 01:07:17,-18.7667,46.0333,56.86,69,64,3.6
152,Tautira,PF,2021-08-02 01:10:13,-17.7333,-149.15,82.42,63,8,7.2
153,Flinders,AU,2021-08-02 01:10:13,-34.5833,150.8552,63.21,95,11,1.99
154,Marzuq,YE,2021-08-02 01:10:13,14.4,46.4667,80.06,60,44,4.36
155,Belmonte,BR,2021-08-02 01:10:14,-15.8631,-38.8828,66.7,68,100,15.1
156,Sao Joao Da Barra,BR,2021-08-02 01:10:14,-21.6403,-41.0511,67.12,65,88,8.46
157,Petropavl,KZ,2021-08-02 01:10:15,54.8753,69.1628,64.4,89,0,7.52
158,Wawa,NG,2021-08-02 01:10:15,9.9022,4.4192,73.17,92,100,4.03
159,Pacific Grove,US,2021-08-02 01:07:41,36.6177,-121.9166,81.57,69,1,5.01
160,Nueva Helvecia,UY,2021-08-02 01:10:16,-34.3,-57.2333,41.59,87,0,4.92
161,Calabozo,VE,2021-08-02 01:10:16,8.9242,-67.4293,74.07,95,100,3.38
162,Pevek,RU,2021-08-02 01:10:17,69.7008,170.3133,34.63,92,100,16.02
163,Port Hardy,CA,2021-08-02 01:10:17,50.6996,-127.4199,64.35,73,7,14.29
164,Casma,CL,2021-08-02 01:10:17,-41.0082,-73.1244,34.88,91,22,1.43
165,Waingapu,ID,2021-08-02 01:10:18,-9.6567,120.2641,82.85,63,100,13.85
166,Egvekinot,RU,2021-08-02 01:10:18,66.3167,-179.1667,44.44,59,95,1.28
167,Aksarka,RU,2021-08-02 01:10:19,66.5606,67.7975,56.95,95,100,6.17
168,Sao Filipe,CV,2021-08-02 01:10:19,14.8961,-24.4956,75.63,77,19,0.76
169,Russell,US,2021-08-02 01:10:19,32.3502,-85.1999,81.12,90,65,0.51
170,Praia,CV,2021-08-02 01:10:20,14.9215,-23.5087,77.54,73,75,4.61
171,Upernavik,GL,2021-08-02 01:08:27,72.7868,-56.1549,42.69,79,5,9.69
172,Bilma,NE,2021-08-02 01:10:21,18.6853,12.9164,92.1,11,19,5.01
173,Curillo,CO,2021-08-02 01:10:21,1.0333,-75.9191,67.23,98,100,1.72
174,Kinablangan,PH,2021-08-02 01:10:21,7.6947,126.5503,85.35,68,100,3.13
175,Mahebourg,MU,2021-08-02 01:08:28,-20.4081,57.7,66.25,69,4,12.55
176,Arraial Do Cabo,BR,2021-08-02 01:10:22,-22.9661,-42.0278,66.36,74,7,13.73
177,Dingle,PH,2021-08-02 01:10:22,10.9995,122.6711,85.78,70,98,14.36
178,Sitka,US,2021-08-02 01:10:23,57.0531,-135.33,62.49,72,75,4.61
179,Christchurch,NZ,2021-08-02 01:09:50,-43.5333,172.6333,55.33,82,90,7.0
180,Ahuimanu,US,2021-08-02 01:10:23,21.4447,-157.8378,87.51,55,1,16.11
181,Lata,PT,2021-08-02 01:10:24,40.1629,-8.3327,65.91,97,100,1.07
182,Barcelos,PT,2021-08-02 01:10:24,41.5388,-8.6151,65.91,95,100,4.05
183,San Quintin,MX,2021-08-02 01:10:19,30.4833,-115.95,74.03,66,6,12.64
184,Farafenni,GM,2021-08-02 01:10:25,13.5667,-15.6,76.24,92,55,6.82
185,Spassk-Dalniy,RU,2021-08-02 01:10:25,44.5978,132.8211,83.53,57,21,0.63
186,Henties Bay,NA,2021-08-02 01:10:26,-22.116,14.2845,68.86,39,0,6.11
187,Charlestown,AU,2021-08-02 01:10:26,-32.95,151.6667,67.01,58,85,4.0
188,Torbat-E Jam,IR,2021-08-02 01:07:15,35.244,60.6225,72.7,17,0,14.74
189,Hauterive,FR,2021-08-02 01:10:27,46.0901,3.4459,56.16,81,95,4.03
190,Nantucket,US,2021-08-02 01:08:03,41.2835,-70.0995,68.11,76,90,6.91
191,Namatanai,PG,2021-08-02 01:10:27,-3.6667,152.4333,84.42,70,26,6.13
192,Khatanga,RU,2021-08-02 01:10:28,71.9667,102.5,67.28,59,100,8.14
193,Hamilton,US,2021-08-02 01:10:28,39.1834,-84.5333,73.78,63,1,1.99
194,Geraldton,AU,2021-08-02 01:10:29,-28.7667,114.6,51.13,87,40,11.5
195,Maceio,BR,2021-08-02 01:10:29,-9.6658,-35.7353,72.84,88,90,6.91
196,Susangerd,IR,2021-08-02 01:10:30,31.5608,48.1831,95.0,11,0,2.75
197,Broome,US,2021-08-02 01:10:30,42.2506,-75.833,62.2,97,90,1.01
198,Korla,CN,2021-08-02 01:10:31,41.7597,86.1469,77.27,15,98,2.42
199,Najran,SA,2021-08-02 01:10:31,17.4924,44.1277,78.3,51,98,14.09
200,Veraval,IN,2021-08-02 01:10:31,20.9,70.3667,81.28,86,100,19.82
201,Devils Lake,US,2021-08-02 01:10:32,48.1128,-98.8651,77.95,40,1,3.0
202,Ormara,PK,2021-08-02 01:10:32,25.2088,64.6357,81.45,87,85,14.79
203,Asau,RO,2021-08-02 01:10:33,46.4333,26.4,75.96,61,24,5.39
204,Chicago,US,2021-08-02 01:07:36,41.85,-87.65,70.41,65,1,7.0
205,Gerash,IR,2021-08-02 01:10:33,27.6652,54.1371,87.1,24,70,0.98
206,Victoria,HK,2021-08-02 01:06:10,22.2855,114.1577,86.97,88,100,1.01
207,Torbay,CA,2021-08-02 01:10:34,47.6666,-52.7314,61.27,87,62,5.01
208,Novyy Urengoy,RU,2021-08-02 01:10:34,66.0833,76.6333,59.88,61,100,12.53
209,Lasa,IT,2021-08-02 01:10:34,46.6166,10.7002,52.63,91,69,5.5
210,Mandurah,AU,2021-08-02 01:10:35,-32.55,115.7,50.16,71,100,4.32
211,Palauig,PH,2021-08-02 01:10:35,15.435,119.9045,82.08,87,100,14.85
212,Casian,PH,2021-08-02 01:10:36,11.035,119.7136,84.61,75,100,17.52
213,Kruisfontein,ZA,2021-08-02 01:08:16,-34.0033,24.7314,56.88,81,84,12.62
214,Codrington,AU,2021-08-02 01:10:36,-38.2667,141.9667,52.47,72,39,20.4
215,Lompoc,US,2021-08-02 01:10:37,34.6391,-120.4579,85.57,65,1,12.66
216,Norman Wells,CA,2021-08-02 01:10:37,65.282,-126.8329,90.23,22,3,8.08
217,Erenhot,CN,2021-08-02 01:10:38,43.6475,111.9767,68.72,45,99,12.57
218,The Pas,CA,2021-08-02 01:10:38,53.8251,-101.2541,81.28,38,0,4.79
219,Sola,VU,2021-08-02 01:10:39,-13.8833,167.55,75.76,60,95,10.92
220,Marystown,CA,2021-08-02 01:06:18,47.1666,-55.1483,57.27,90,13,10.47
221,Winnemucca,US,2021-08-02 01:06:38,40.973,-117.7357,87.85,25,1,3.44
222,Rocha,UY,2021-08-02 01:10:39,-34.4833,-54.3333,44.65,95,0,4.16
223,Groningen,NL,2021-08-02 01:09:53,53.25,6.75,59.02,89,40,5.75
224,Dalhousie,IN,2021-08-02 01:10:40,32.5333,75.9833,60.39,81,0,6.06
225,Angoche,MZ,2021-08-02 01:10:40,-16.2325,39.9086,67.98,74,3,8.7
226,Swift Current,CA,2021-08-02 01:10:41,50.2834,-107.8014,89.38,19,100,9.6
227,Boston,US,2021-08-02 01:08:29,42.3584,-71.0598,71.08,69,54,1.01
228,Xihe,CN,2021-08-02 01:10:41,31.6864,113.4659,85.17,79,96,8.3
229,Whitewater,US,2021-08-02 01:10:42,42.8336,-88.7323,69.93,82,6,7.2
230,Kabompo,ZM,2021-08-02 01:10:42,-13.5927,24.2008,53.44,61,0,5.08
231,Treinta Y Tres,UY,2021-08-02 01:10:42,-33.2333,-54.3833,45.41,95,0,5.28
232,Itamaraju,BR,2021-08-02 01:10:43,-17.0392,-39.5311,59.72,77,46,3.69
233,Darnah,LY,2021-08-02 01:10:43,32.767,22.6367,82.22,54,0,13.71
234,San Mateo Del Mar,MX,2021-08-02 01:10:44,16.2,-95.0,85.5,70,100,25.61
235,Yerkoy,TR,2021-08-02 01:10:44,39.6381,34.4672,63.36,71,0,3.02
236,Oga,IT,2021-08-02 01:10:45,46.4631,10.347,45.25,89,86,6.44
237,Luderitz,NA,2021-08-02 01:10:45,-26.6481,15.1594,63.1,38,0,7.34
238,Cayenne,GF,2021-08-02 01:10:45,4.9333,-52.3333,82.09,80,10,1.14
239,Mackay,AU,2021-08-02 01:10:46,-21.15,149.2,79.68,67,0,4.88
240,Nador,MA,2021-08-02 01:10:46,35.174,-2.9287,68.25,49,0,0.0
241,Wenling,CN,2021-08-02 01:10:47,28.3669,121.36,82.9,81,99,7.58
242,Rio Gallegos,AR,2021-08-02 01:06:09,-51.6226,-69.2181,44.65,49,0,18.41
243,Lishu,CN,2021-08-02 01:10:47,43.3047,124.3278,70.11,95,100,8.34
244,Neuquen,AR,2021-08-02 01:10:48,-38.9516,-68.0591,40.89,87,0,0.0
245,Nacala,MZ,2021-08-02 01:10:48,-14.5428,40.6728,65.55,86,0,8.32
246,Myaundzha,RU,2021-08-02 01:10:49,63.0494,147.1858,51.04,43,7,6.35
247,North Myrtle Beach,US,2021-08-02 01:10:49,33.816,-78.68,80.02,90,1,5.75
248,La Asuncion,VE,2021-08-02 01:10:49,11.0333,-63.8628,78.57,87,7,13.96
249,East London,ZA,2021-08-02 01:10:50,-33.0153,27.9116,62.13,67,77,19.35
250,Hambantota,LK,2021-08-02 01:10:50,6.1241,81.1185,79.11,81,32,15.77
251,Drumnadrochit,GB,2021-08-02 01:10:50,57.3344,-4.4799,52.63,94,0,0.69
252,Cockburn Town,TC,2021-08-02 01:10:51,21.4612,-71.1419,82.15,81,99,20.51
253,Camana,PE,2021-08-02 01:10:51,-16.6228,-72.7111,62.29,81,37,7.23
254,Gat,IL,2021-08-02 01:09:01,31.61,34.7642,85.41,63,0,1.16
255,Plesna,CZ,2021-08-02 01:10:52,50.2207,12.3467,56.84,96,100,3.31
256,Kichera,RU,2021-08-02 01:10:52,55.9375,110.0997,62.42,68,100,3.91
257,Dikson,RU,2021-08-02 01:10:53,73.5069,80.5464,42.12,99,100,10.09
258,Taltal,CL,2021-08-02 01:10:53,-25.4,-70.4833,58.5,75,21,3.69
259,Srednekolymsk,RU,2021-08-02 01:10:54,67.45,153.6833,42.89,57,100,10.29
260,Fitiai,GR,2021-08-02 01:10:54,38.7,21.1833,70.54,36,0,2.64
261,Biak,ID,2021-08-02 01:10:54,-0.9131,122.8766,80.83,71,15,6.17
262,Saint George,US,2021-08-02 01:08:37,37.1041,-113.5841,97.63,27,1,5.99
263,Yar-Sale,RU,2021-08-02 01:10:55,66.8333,70.8333,54.91,98,100,15.23
264,Utena,LT,2021-08-02 01:10:55,55.5,25.6,59.45,95,100,6.58
265,Cabedelo,BR,2021-08-02 01:10:56,-6.9811,-34.8339,72.27,84,27,16.37
266,Kutum,SD,2021-08-02 01:10:56,14.2,24.6667,72.0,78,81,19.15
267,Aketi,CD,2021-08-02 01:10:56,2.7388,23.7833,71.31,86,100,1.16
268,Bodden Town,KY,2021-08-02 01:10:46,19.2833,-81.25,84.92,86,20,5.75
269,Mezhdurechensk,RU,2021-08-02 01:10:57,53.6942,88.0603,61.03,74,93,3.0
270,Banjarmasin,ID,2021-08-02 01:10:57,-3.3244,114.591,78.94,66,11,2.84
271,Maningrida,AU,2021-08-02 01:10:58,-12.0667,134.2667,82.33,60,2,9.82
272,Byron Bay,AU,2021-08-02 01:07:54,-28.65,153.6167,73.06,87,100,10.27
273,Ruwi,OM,2021-08-02 01:10:58,23.5996,58.5507,100.09,66,100,4.21
274,Kula,TR,2021-08-02 01:10:59,38.5473,28.6498,70.5,40,0,3.4
275,Almaznyy,RU,2021-08-02 01:10:59,48.0448,40.045,68.14,56,24,4.99
276,San Cristobal,VE,2021-08-02 01:08:55,7.7669,-72.225,75.38,98,100,5.86
277,Mongoumba,CF,2021-08-02 01:11:00,3.6415,18.5936,69.98,96,100,1.32
278,Cullman,US,2021-08-02 01:08:41,34.1748,-86.8436,79.86,82,40,0.0
279,Vila Velha,BR,2021-08-02 01:11:01,-20.3297,-40.2925,62.55,88,75,3.44
280,Koslan,RU,2021-08-02 01:11:01,63.4564,48.8989,55.44,95,100,4.43
281,Murgab,TM,2021-08-02 01:11:02,37.4966,61.9714,75.07,31,0,9.22
282,Gawler,AU,2021-08-02 01:11:02,-34.6,138.7333,59.61,55,6,13.89
283,Gryazovets,RU,2021-08-02 01:11:02,58.88,40.2525,58.51,97,100,6.04
284,Chuy,UY,2021-08-02 01:08:04,-33.6971,-53.4616,50.59,93,74,6.2
285,Khowst,AF,2021-08-02 01:11:03,33.3833,69.8833,76.75,74,11,2.26
286,Kabare,CD,2021-08-02 01:11:03,-2.4683,28.8242,62.26,64,71,1.81
287,Bolgar,RU,2021-08-02 01:11:04,54.95,49.0667,67.48,66,22,4.94
288,Edinburg,GB,2021-08-02 01:11:04,55.9521,-3.1965,53.76,88,0,0.0
289,Kita,ML,2021-08-02 01:11:05,13.0349,-9.4895,71.82,96,14,2.15
290,Meadow Lake,US,2021-08-02 01:11:05,34.8014,-106.5436,80.47,38,9,17.22
291,Tommot,RU,2021-08-02 01:11:06,58.9564,126.2925,57.24,96,100,10.09
292,Alofi,NU,2021-08-02 01:09:11,-19.0595,-169.9187,76.19,69,50,25.84
293,Olafsvik,IS,2021-08-02 01:11:06,64.8945,-23.7142,53.35,90,67,3.33
294,Cossato,IT,2021-08-02 01:11:07,45.5739,8.1817,63.68,68,83,5.08
295,Menongue,AO,2021-08-02 01:11:07,-14.6585,17.691,50.38,48,3,4.83
296,Klaksvik,FO,2021-08-02 01:10:05,62.2266,-6.589,47.32,79,96,4.92
297,Buin,CL,2021-08-02 01:11:08,-33.7333,-70.75,66.74,26,2,3.87
298,Tezu,IN,2021-08-02 01:11:08,27.9167,96.1667,82.78,71,1,0.98
299,Sarankhola,BD,2021-08-02 01:10:02,22.3082,89.7897,78.76,91,100,4.07
300,Kidal,ML,2021-08-02 01:11:09,18.4411,1.4078,81.07,61,100,7.16
301,Ipixuna,BR,2021-08-02 01:11:09,-1.7625,-48.8043,78.75,77,11,3.87
302,Rawson,AR,2021-08-02 01:11:09,-43.3002,-65.1023,55.96,39,33,7.94
303,Juneau,US,2021-08-02 01:09:10,58.3019,-134.4197,75.2,100,40,8.05
304,Aksu,CN,2021-08-02 01:11:10,41.1231,80.2644,77.25,18,91,5.86
305,Suez,EG,2021-08-02 01:11:10,29.9737,32.5263,78.89,51,0,7.0
306,Stornoway,GB,2021-08-02 01:11:11,58.2093,-6.3865,50.94,81,90,8.05
307,Jackson,US,2021-08-02 01:08:25,42.4165,-122.8345,84.07,58,20,14.97
308,Rock Sound,BS,2021-08-02 01:08:46,24.9,-76.2,83.95,76,84,11.43
309,Puerto Montt,CL,2021-08-02 01:11:12,-41.4698,-72.9447,43.84,76,65,1.83
310,Wairoa,NZ,2021-08-02 01:09:52,-39.0333,177.3667,56.61,72,5,4.0
311,Benguela,AO,2021-08-02 01:11:07,-12.5763,13.4055,69.62,88,23,4.05
312,Laem Sing,TH,2021-08-02 01:11:13,12.4816,102.0738,81.68,84,100,10.87
313,Na Klang,TH,2021-08-02 01:11:13,17.3072,102.1889,80.11,78,100,9.44
314,Anadyr,RU,2021-08-02 01:11:06,64.75,177.4833,48.7,81,75,2.24
315,Hirara,JP,2021-08-02 01:11:14,24.8,125.2833,82.06,83,100,8.21
316,Fort Nelson,CA,2021-08-02 01:07:45,58.8053,-122.7002,93.15,25,0,3.04
317,Moultrie,US,2021-08-02 01:11:15,31.1799,-83.7891,75.31,88,1,0.0
318,Soyaux,FR,2021-08-02 01:11:15,45.65,0.2,57.67,92,0,0.0
319,Milan,IT,2021-08-02 01:10:13,45.4643,9.1895,65.16,94,0,1.14
320,Harbin,CN,2021-08-02 01:11:16,45.75,126.65,65.98,95,100,7.4
321,Kasongo,CD,2021-08-02 01:11:16,-4.45,26.6667,76.46,35,93,2.66
322,Carballo,ES,2021-08-02 01:11:17,43.213,-8.691,62.87,94,39,3.85
323,Alpena,US,2021-08-02 01:11:17,45.0617,-83.4327,65.1,75,10,9.06
324,Bagdarin,RU,2021-08-02 01:11:17,54.4333,113.6,54.37,84,100,2.82
325,Bad Soden-Salmunster,DE,2021-08-02 01:11:18,50.2757,9.3671,59.43,97,10,2.86
326,Moose Factory,CA,2021-08-02 01:11:18,51.2585,-80.6094,50.07,87,98,3.96
327,Bahia Honda,CU,2021-08-02 01:11:19,22.9036,-83.1592,81.7,78,38,6.33
328,Herat,AF,2021-08-02 01:11:19,34.5,62.0,72.18,18,0,12.48
329,Katobu,ID,2021-08-02 01:11:19,-4.9408,122.5276,81.09,73,4,5.5
330,Los Llanos De Aridane,ES,2021-08-02 01:09:34,28.6585,-17.9182,68.13,67,90,16.11
331,Kununurra,AU,2021-08-02 01:11:20,-15.7667,128.7333,82.38,57,7,4.61
332,Vanimo,PG,2021-08-02 01:11:20,-2.6741,141.3028,85.51,64,12,4.68
333,Slave Lake,CA,2021-08-02 01:11:21,55.2834,-114.769,83.57,42,87,2.21
334,Kemijarvi,FI,2021-08-02 01:11:21,66.7131,27.4306,50.29,97,100,6.17
335,Aginskoye,RU,2021-08-02 01:11:22,51.1,114.53,67.17,67,8,5.32
336,Baie-Comeau,CA,2021-08-02 01:11:22,49.2168,-68.1489,54.88,92,99,3.58
337,Luau,AO,2021-08-02 01:11:22,-10.7073,22.2247,58.51,42,12,3.49
338,Killin,US,2021-08-02 01:11:23,33.6123,-91.7412,84.15,69,1,3.0
339,Zimmi,SL,2021-08-02 01:11:23,7.3153,-11.3061,72.34,95,100,3.13
340,Iquique,CL,2021-08-02 01:11:24,-20.2208,-70.1431,59.04,77,100,4.14
341,Minab,IR,2021-08-02 01:11:24,27.1467,57.0801,90.68,65,6,3.2
342,Faya,SA,2021-08-02 01:11:24,18.3851,42.4509,63.12,62,81,5.59
343,Atasu,KZ,2021-08-02 01:11:25,48.6814,71.6433,75.63,45,7,0.13
344,Puerto Ayacucho,VE,2021-08-02 01:11:25,5.6639,-67.6236,73.58,92,72,4.65
345,Taoudenni,ML,2021-08-02 01:11:26,22.6783,-3.9836,96.1,26,54,13.89
346,La Ronge,CA,2021-08-02 01:09:47,55.1001,-105.2842,76.93,37,5,4.47
347,Maltahohe,NA,2021-08-02 01:11:26,-24.8333,16.9833,50.23,30,0,8.5
348,Calvinia,ZA,2021-08-02 01:11:27,-31.4707,19.776,48.58,33,9,0.11
349,Adrar,MR,2021-08-02 01:11:27,20.5022,-10.0711,91.18,31,16,5.21
350,Novoagansk,RU,2021-08-02 01:11:27,61.9449,76.6625,55.27,75,100,7.56
351,Guanica,PR,2021-08-02 01:11:28,17.9716,-66.908,83.21,82,67,6.82
352,Mehamn,NO,2021-08-02 01:11:28,71.0357,27.8492,45.27,91,100,17.81
353,Castro,BR,2021-08-02 01:11:29,-24.7911,-50.0119,45.86,91,19,2.95
354,Kargasok,RU,2021-08-02 01:11:29,59.0556,80.8572,55.13,81,100,4.5
355,Dunedin,NZ,2021-08-02 01:11:11,-45.8742,170.5036,50.81,75,100,21.99
356,Inyonga,TZ,2021-08-02 01:11:30,-6.7167,32.0667,60.76,54,18,5.95
357,Ribeira Grande,PT,2021-08-02 01:11:30,38.5167,-28.7,72.82,95,16,13.67
358,Westport,US,2021-08-02 01:09:23,41.1415,-73.3579,72.77,78,90,3.0
359,Saint-Augustin,CA,2021-08-02 01:11:31,51.226,-58.6502,57.81,83,100,10.83
360,Havoysund,NO,2021-08-02 01:11:31,70.9963,24.6622,45.48,85,100,9.71
361,Labytnangi,RU,2021-08-02 01:11:31,66.6572,66.4183,55.92,95,98,4.74
362,Camacha,PT,2021-08-02 01:11:32,33.0833,-16.3333,68.76,78,40,14.97
363,Bellevue,US,2021-08-02 01:09:09,47.6104,-122.2007,87.15,52,40,1.01
364,Santo Angelo,BR,2021-08-02 01:11:29,-28.2992,-54.2631,50.23,83,0,2.68
365,Tadine,NC,2021-08-02 01:11:33,-21.55,167.8833,71.4,54,32,13.33
366,Oussouye,SN,2021-08-02 01:11:33,12.485,-16.5469,77.4,88,48,9.82
367,Ferkessedougou,CI,2021-08-02 01:11:33,9.6,-5.2,70.36,97,49,4.38
368,Nelson Bay,AU,2021-08-02 01:11:34,-32.7167,152.15,67.28,70,96,9.13
369,Tehachapi,US,2021-08-02 01:11:34,35.1322,-118.449,95.32,19,0,8.99
370,Shestakovo,RU,2021-08-02 01:11:34,56.4915,103.96,67.78,43,16,4.88
371,Mao,ES,2021-08-02 01:11:35,39.8885,4.2658,70.36,78,0,5.75
372,Leningradskiy,RU,2021-08-02 01:10:02,69.3833,178.4167,34.23,99,100,18.3
373,Aklavik,CA,2021-08-02 01:09:18,68.2191,-135.0107,74.89,50,100,13.62
374,Sioux Lookout,CA,2021-08-02 01:11:36,50.1001,-91.917,66.69,56,96,4.27
375,Dzhebariki-Khaya,RU,2021-08-02 01:11:36,62.2167,135.8,78.35,34,1,3.02
376,Ostrovnoy,RU,2021-08-02 01:09:52,68.0531,39.5131,48.61,84,57,7.99
377,Ust-Ilimsk,RU,2021-08-02 01:11:37,58.0006,102.6619,66.96,53,97,2.57
378,Antsohihy,MG,2021-08-02 01:11:37,-14.8796,47.9875,65.8,74,0,4.41
379,Marsh Harbour,BS,2021-08-02 01:11:37,26.5412,-77.0636,84.4,74,61,12.53
380,Altenholz,DE,2021-08-02 01:11:38,54.4,10.1333,57.0,88,75,9.22
381,Balurghat,IN,2021-08-02 01:11:38,25.2167,88.7667,81.36,87,100,4.97
382,Japura,ID,2021-08-02 01:11:39,-0.3167,102.35,77.41,90,100,3.0
383,Shenjiamen,CN,2021-08-02 01:11:39,29.9576,122.298,80.64,89,99,11.21
384,Beni,CD,2021-08-02 01:11:40,0.5,29.4667,63.23,88,100,1.92
385,Shizunai,JP,2021-08-02 01:11:40,42.3339,142.3669,77.13,87,86,12.8
386,Hobyo,SO,2021-08-02 01:10:33,5.3505,48.5268,76.89,78,10,23.02
387,Itoman,JP,2021-08-02 01:11:41,26.1247,127.6694,86.38,91,75,17.27
388,Dawlatabad,AF,2021-08-02 01:11:41,36.4141,64.9053,78.24,19,2,6.71
389,North Bend,US,2021-08-02 01:11:41,43.4065,-124.2243,66.92,91,90,12.66
390,Fairlie,GB,2021-08-02 01:11:42,55.756,-4.8556,54.39,84,8,9.28
391,Zhangjiakou,CN,2021-08-02 01:11:42,40.81,114.8794,69.28,58,11,2.75
392,Valparaiso,CL,2021-08-02 01:11:43,-33.0393,-71.6273,51.48,80,0,4.61
393,San Carlos De Bariloche,AR,2021-08-02 01:11:43,-41.1456,-71.3082,41.45,56,0,3.44
394,Conakry,GN,2021-08-02 01:11:43,9.538,-13.6773,77.74,85,100,11.79
395,Segezha,RU,2021-08-02 01:11:44,63.7415,34.3222,55.26,96,23,7.36
396,Santa Isabel Do Rio Negro,BR,2021-08-02 01:11:44,-0.4139,-65.0192,73.56,81,91,1.77
397,Chimala,TZ,2021-08-02 01:11:45,-8.85,34.0167,56.73,67,13,3.33
398,Port Lincoln,AU,2021-08-02 01:08:56,-34.7333,135.8667,51.37,88,100,17.25
399,Mathbaria,BD,2021-08-02 01:11:45,22.2876,89.9593,79.48,89,100,4.9
400,Aripuana,BR,2021-08-02 01:11:46,-9.1667,-60.6333,74.37,45,74,2.66
401,Diffa,NE,2021-08-02 01:11:46,13.3154,12.6113,77.79,71,99,12.53
402,Tateyama,JP,2021-08-02 01:11:46,34.9833,139.8667,89.15,75,80,6.89
403,Fallon,US,2021-08-02 01:11:47,39.4735,-118.7774,91.18,25,9,10.25
404,Rokytne,UA,2021-08-02 01:11:47,51.2796,27.214,68.22,79,100,10.11
405,Puerto Suarez,BO,2021-08-02 01:11:48,-18.95,-57.8,66.09,43,57,6.24
406,Ryotsu,JP,2021-08-02 01:11:48,38.0833,138.4333,93.16,69,64,3.42
407,Jiazi,CN,2021-08-02 01:11:48,22.8779,116.067,86.32,76,26,8.93
408,Havre-Saint-Pierre,CA,2021-08-02 01:09:32,50.2334,-63.5986,56.89,78,67,11.54
409,San Policarpo,PH,2021-08-02 01:11:49,12.1791,125.5072,87.57,64,100,9.44
410,Kalmar,SE,2021-08-02 01:11:50,56.6616,16.3616,61.97,85,20,4.61
411,Yei,SS,2021-08-02 01:11:50,4.095,30.6779,66.06,96,100,4.09
412,Mayo,US,2021-08-02 01:11:50,38.8876,-76.5119,75.87,93,20,0.0
413,Marquette,US,2021-08-02 01:09:56,46.5333,-87.6335,59.83,84,17,3.67
414,Glendora,US,2021-08-02 01:11:51,34.1361,-117.8653,104.85,28,1,3.0
415,Tete,MZ,2021-08-02 01:11:51,-16.1564,33.5867,53.69,82,0,0.0
416,Gidam,IN,2021-08-02 01:11:52,18.9833,81.4,74.62,91,100,4.59
417,Xuddur,SO,2021-08-02 01:11:52,4.1213,43.8894,68.43,83,66,16.8
418,Waipawa,NZ,2021-08-02 01:11:53,-41.4122,175.5153,55.09,60,0,4.81
419,Pochutla,MX,2021-08-02 01:11:53,15.7432,-96.4661,85.82,85,100,3.0
420,Boca Do Acre,BR,2021-08-02 01:11:54,-8.7522,-67.3978,73.67,50,0,3.56
421,Zhigansk,RU,2021-08-02 01:11:54,66.7697,123.3711,72.55,48,2,15.32
422,Redcliffe,AU,2021-08-02 01:11:54,-27.2307,153.0973,79.05,65,20,10.36
423,Marawi,PH,2021-08-02 01:11:55,7.9986,124.2928,79.23,67,54,5.59
424,Las Cruces,US,2021-08-02 01:09:51,32.3123,-106.7783,88.56,39,1,1.99
425,The Valley,AI,2021-08-02 01:11:55,18.217,-63.0578,82.81,75,0,14.09
426,Alihe,CN,2021-08-02 01:11:56,50.5667,123.7167,67.95,57,13,2.46
427,Nome,US,2021-08-02 01:11:56,64.5011,-165.4064,55.17,100,90,9.22
428,Fairbanks,US,2021-08-02 01:10:47,64.8378,-147.7164,79.14,55,75,0.0
429,Bebra,DE,2021-08-02 01:11:57,50.9667,9.8,58.55,93,82,1.01
430,Bisira,PA,2021-08-02 01:11:57,8.5196,-81.7115,62.06,95,100,2.84
431,Bosaso,SO,2021-08-02 01:11:58,11.2842,49.1816,88.48,42,26,22.84
432,Iznoski,RU,2021-08-02 01:11:59,54.9881,35.3108,62.2,96,100,3.24
433,Vilhena,BR,2021-08-02 01:11:36,-12.7406,-60.1458,67.1,42,0,2.93
434,Gillette,US,2021-08-02 01:11:59,44.2911,-105.5022,83.32,26,1,5.99
435,Ambilobe,MG,2021-08-02 01:12:00,-13.2,49.05,68.92,75,48,2.51
436,Lufilufi,WS,2021-08-02 01:12:00,-13.8745,-171.5986,77.79,81,88,20.8
437,Sinnamary,GF,2021-08-02 01:10:19,5.3833,-52.95,78.03,84,3,8.05
438,Nanortalik,GL,2021-08-02 01:12:01,60.1432,-45.2371,47.25,81,100,8.55
439,Kudahuvadhoo,MV,2021-08-02 01:12:01,2.6708,72.8944,81.75,74,78,7.34
440,Hammerfest,NO,2021-08-02 01:12:01,70.6634,23.6821,45.05,87,75,2.3
441,Salalah,OM,2021-08-02 01:12:02,17.0151,54.0924,77.09,94,90,2.3
442,Manaquiri,BR,2021-08-02 01:12:02,-3.3167,-60.35,82.85,61,21,3.65
443,Roald,NO,2021-08-02 01:12:03,62.5833,6.1333,53.01,87,40,9.22
444,Kyshtovka,RU,2021-08-02 01:12:03,56.555,76.6271,61.93,96,86,7.58
445,Tiznit,MA,2021-08-02 01:12:04,29.5833,-9.5,69.42,51,0,2.71
446,Bonavista,CA,2021-08-02 01:12:04,48.6499,-53.1147,62.11,80,0,19.39
447,Elk City,US,2021-08-02 01:12:04,35.412,-99.4043,79.29,73,40,0.0
448,Burnie,AU,2021-08-02 01:12:05,-41.0667,145.9167,50.22,77,91,3.62
449,Ingham,US,2021-08-02 01:12:05,42.6,-84.3833,64.85,85,1,0.0
450,Harnai,PK,2021-08-02 01:12:06,30.1005,67.9374,84.92,53,31,1.81
451,Vestmannaeyjar,IS,2021-08-02 01:12:06,63.4427,-20.2734,53.8,90,92,4.83
452,Tomatlan,MX,2021-08-02 01:12:07,19.9333,-105.25,81.27,81,75,3.15
453,Manicore,BR,2021-08-02 01:12:07,-5.8092,-61.3003,76.87,47,17,1.95
454,Kelowna,CA,2021-08-02 01:12:07,49.8831,-119.4857,74.66,89,100,2.89
455,Turukhansk,RU,2021-08-02 01:12:08,65.8167,87.9833,64.35,64,99,6.24
456,Carinhanha,BR,2021-08-02 01:12:08,-14.3047,-43.765,70.29,43,97,10.2
457,Ust-Ishim,RU,2021-08-02 01:12:09,57.6935,71.1665,61.7,98,27,4.76
458,Myitkyina,MM,2021-08-02 01:12:09,25.3833,97.4,78.13,84,32,1.66
459,Abu Zabad,SD,2021-08-02 01:12:09,12.35,29.25,73.99,75,100,10.0
460,Vryburg,ZA,2021-08-02 01:12:10,-26.9566,24.7284,44.76,37,0,6.4
461,Obera,AR,2021-08-02 01:12:10,-27.4871,-55.1199,50.07,80,0,1.86
462,Lorengau,PG,2021-08-02 01:12:11,-2.0226,147.2712,84.56,76,27,11.14
463,Mosquera,CO,2021-08-02 01:12:11,4.7059,-74.2302,57.29,67,75,5.75
464,Lunenburg,CA,2021-08-02 01:12:12,44.3835,-64.3155,61.48,87,11,7.23
465,Eirunepe,BR,2021-08-02 01:12:12,-6.6603,-69.8736,71.17,54,6,2.84
466,Blackwater,AU,2021-08-02 01:12:12,-23.5833,148.8833,76.28,46,0,7.49
467,Belyy Yar,RU,2021-08-02 01:12:13,53.6039,91.3903,60.69,82,0,4.47
468,Talcahuano,CL,2021-08-02 01:08:42,-36.7167,-73.1167,49.68,87,0,8.05
469,Daru,PG,2021-08-02 01:12:13,-9.0763,143.2092,79.83,67,7,14.07
470,Tolaga Bay,NZ,2021-08-02 01:12:14,-38.3667,178.3,58.28,59,15,8.86
471,Malanje,AO,2021-08-02 01:12:14,-9.5402,16.341,63.43,35,3,3.36
472,Andreyevo,RU,2021-08-02 01:12:15,55.9465,41.1505,61.95,93,100,3.69
473,Quelimane,MZ,2021-08-02 01:12:15,-17.8786,36.8883,60.75,100,0,3.44
474,Praia Da Vitoria,PT,2021-08-02 01:11:34,38.7333,-27.0667,75.76,89,99,13.98
475,San Lorenzo,PY,2021-08-02 01:12:16,-25.3333,-57.5333,56.34,72,0,2.3
476,Monthey,CH,2021-08-02 01:12:16,46.2555,6.9607,59.41,94,24,1.95
477,Pucallpa,PE,2021-08-02 01:12:17,-8.3791,-74.5539,77.04,73,75,3.44
478,Morondava,MG,2021-08-02 01:12:17,-20.2833,44.2833,67.91,73,55,3.85
479,Diego De Almagro,CL,2021-08-02 01:12:17,-26.3667,-70.05,61.39,34,0,2.13
480,Kloulklubed,PW,2021-08-02 01:12:18,7.0419,134.2556,81.1,75,100,13.82
481,Ukiah,US,2021-08-02 01:12:18,39.1502,-123.2078,94.51,29,1,5.75
482,Kapasan,ID,2021-08-02 01:12:19,-6.7773,111.3789,79.92,68,11,6.51
483,Bentiu,SS,2021-08-02 01:12:19,9.2333,29.8333,69.91,97,53,4.45
484,Kolobovo,RU,2021-08-02 01:12:19,56.702,41.3417,62.08,97,100,4.23
485,Newport,GB,2021-08-02 01:07:50,51.5877,-2.9984,57.52,86,66,9.33
486,Karachi,PK,2021-08-02 01:10:58,24.9056,67.0822,80.42,78,75,13.8
487,Conceicao Do Araguaia,BR,2021-08-02 01:12:20,-8.2578,-49.2647,76.98,41,23,3.44
488,Zhangzhou,CN,2021-08-02 01:12:21,24.5133,117.6556,83.75,83,100,2.15
489,Goderich,CA,2021-08-02 01:12:21,43.7501,-81.7165,65.91,82,75,15.73
490,Xinpu,CN,2021-08-02 01:12:22,34.5997,119.1594,81.84,79,39,5.79
491,Clyde River,CA,2021-08-02 01:12:22,70.4692,-68.5914,41.23,87,75,19.57
492,Igarka,RU,2021-08-02 01:12:22,67.4667,86.5833,58.59,84,99,3.98
493,Bud,US,2021-08-02 01:08:19,39.447,-86.1758,71.69,81,0,7.92
494,Jasper,US,2021-08-02 01:12:23,37.2001,-94.3502,77.85,68,1,0.0
495,Cascais,PT,2021-08-02 01:12:23,38.6979,-9.4215,70.61,83,100,4.0
496,Aksha,RU,2021-08-02 01:12:24,50.2814,113.2867,68.18,63,43,4.23
497,Missouri City,US,2021-08-02 01:12:24,29.6186,-95.5377,90.91,71,1,3.0
498,Maradi,NE,2021-08-02 01:12:25,13.5,7.1017,78.31,76,100,16.6
499,Inuvik,CA,2021-08-02 01:12:25,68.3499,-133.7218,72.0,54,97,12.59
500,Riyadh,SA,2021-08-02 01:11:23,24.6877,46.7219,87.94,11,6,7.54
501,Quatre Cocos,MU,2021-08-02 01:12:26,-20.2078,57.7625,66.09,69,14,12.53
502,Salinopolis,BR,2021-08-02 01:12:26,-0.6136,-47.3561,77.94,80,91,7.43
503,Rexburg,US,2021-08-02 01:12:27,43.826,-111.7897,81.66,44,1,6.91
504,Tortoli,IT,2021-08-02 01:12:27,39.9256,9.6572,72.99,55,9,5.14
505,Huangchuan,CN,2021-08-02 01:12:27,32.1272,115.0394,84.22,81,3,5.68
506,Avera,US,2021-08-02 01:12:28,33.194,-82.5271,88.72,69,21,5.73
507,Tabou,CI,2021-08-02 01:12:14,4.423,-7.3528,76.23,81,96,6.29
508,Innisfail,AU,2021-08-02 01:12:28,-17.5333,146.0333,76.35,57,0,7.38
509,Birjand,IR,2021-08-02 01:12:29,32.8663,59.2211,66.97,21,0,8.88
510,Biltine,TD,2021-08-02 01:12:29,14.5333,20.9167,73.47,76,100,10.54
511,Filingue,NE,2021-08-02 01:12:30,14.3521,3.3168,84.76,57,73,15.99
512,Mareeba,AU,2021-08-02 01:12:30,-17.0,145.4333,77.49,60,0,6.2
513,Luanda,AO,2021-08-02 01:12:31,-8.8368,13.2343,72.43,87,100,3.18
514,Mitu,CO,2021-08-02 01:08:20,1.1983,-70.1733,68.83,83,21,2.42
515,Rockhampton,AU,2021-08-02 01:12:31,-23.3833,150.5,76.89,57,20,6.91
516,Buta,CD,2021-08-02 01:12:32,2.7858,24.73,69.98,99,100,1.34
517,Berlevag,NO,2021-08-02 01:11:25,70.8578,29.0864,46.02,92,100,17.67
518,Vila Do Maio,CV,2021-08-02 01:12:32,15.1333,-23.2167,77.79,76,61,2.1
519,Teguldet,RU,2021-08-02 01:12:33,57.3064,88.1667,58.28,91,2,2.51
520,Chunskiy,RU,2021-08-02 01:12:33,56.0815,99.6342,56.21,98,100,4.0
521,Vung Tau,VN,2021-08-02 01:12:34,10.346,107.0843,82.04,80,100,17.85
522,Dabrowa Tarnowska,PL,2021-08-02 01:12:34,50.1746,20.9863,62.89,95,100,15.17
523,Tessalit,ML,2021-08-02 01:10:14,20.1986,1.0114,85.37,46,100,14.97
524,Puerto Madero,MX,2021-08-02 01:12:35,14.7208,-92.4215,82.6,89,75,9.22
525,Jizan,SA,2021-08-02 01:12:35,17.3333,42.6667,87.84,56,100,4.16
526,Carauari,BR,2021-08-02 01:12:35,-4.8828,-66.8958,74.8,61,89,2.77
527,Coahuayana,MX,2021-08-02 01:12:36,18.7333,-103.6833,89.08,81,47,3.74
528,Mount Pleasant,US,2021-08-02 01:11:22,32.7941,-79.8626,86.05,81,1,13.0
529,Kamsack,CA,2021-08-02 01:12:36,51.5667,-101.9009,83.95,23,100,8.52
530,Brigantine,US,2021-08-02 01:12:37,39.4101,-74.3646,73.0,85,89,3.71
531,Kavaratti,IN,2021-08-02 01:12:37,10.5669,72.642,82.06,75,93,16.4
532,Poum,NC,2021-08-02 01:12:38,-20.2333,164.0167,69.49,55,3,12.15
533,Laguna,US,2021-08-02 01:09:34,38.421,-121.4238,102.24,28,1,7.0
534,Magadan,RU,2021-08-02 01:12:38,59.5667,150.8,56.82,48,9,16.98
535,Khor,RU,2021-08-02 01:12:39,47.8861,134.9464,81.88,54,18,6.42
536,Port Blair,IN,2021-08-02 01:12:39,11.6667,92.75,82.22,81,100,19.48
537,Muroto,JP,2021-08-02 01:12:40,33.2833,134.15,82.36,78,100,8.5
538,Ribeira Brava,PT,2021-08-02 01:12:40,32.65,-17.0667,72.23,85,1,3.56
539,Sisimiut,GL,2021-08-02 01:11:02,66.9395,-53.6735,50.83,68,0,6.93
540,Sabha,LY,2021-08-02 01:12:41,27.0377,14.4283,85.78,12,0,9.44
541,Makakilo City,US,2021-08-02 01:09:52,21.3469,-158.0858,86.32,49,20,16.11
542,Karoi,ZW,2021-08-02 01:12:41,-16.8099,29.6925,51.42,82,1,3.89
543,Santona,ES,2021-08-02 01:12:42,43.4439,-3.4576,61.92,87,12,3.8
544,Jorpeland,NO,2021-08-02 01:12:42,59.0225,6.0408,53.73,60,56,4.5
545,Bugiri,UG,2021-08-02 01:12:43,0.5714,33.7417,65.88,79,100,4.03
546,Khudumelapye,BW,2021-08-02 01:12:43,-23.8833,24.75,49.39,30,0,6.42
547,Bairnsdale,AU,2021-08-02 01:12:43,-37.8333,147.6167,59.7,57,0,1.99
548,Saldanha,ZA,2021-08-02 01:12:44,-33.0117,17.9442,55.31,87,40,8.16
549,Shetpe,KZ,2021-08-02 01:12:44,44.1667,52.1167,80.91,26,1,4.0
550,Indramayu,ID,2021-08-02 01:12:45,-6.3264,108.32,81.34,66,34,7.92
551,West Plains,US,2021-08-02 01:12:45,36.7281,-91.8524,79.63,74,1,3.44
552,Vrangel,RU,2021-08-02 01:12:45,42.7297,133.0839,73.81,80,98,14.03
553,Quixada,BR,2021-08-02 01:12:46,-4.9714,-39.0153,73.09,62,59,5.75
554,Manokwari,ID,2021-08-02 01:12:46,-0.8667,134.0833,83.32,72,50,5.97
555,Paamiut,GL,2021-08-02 01:12:47,61.994,-49.6678,45.66,93,100,8.59
556,Aqtobe,KZ,2021-08-02 01:12:47,50.2797,57.2072,64.49,77,0,0.0
557,Akyab,MM,2021-08-02 01:12:47,20.15,92.9,79.68,88,100,4.72
558,Meulaboh,ID,2021-08-02 01:12:48,4.1363,96.1285,76.33,85,84,2.84
559,Minna,NG,2021-08-02 01:12:48,9.6139,6.5569,70.63,96,98,0.38
560,Matongo,TZ,2021-08-02 01:12:49,-2.3833,34.0833,64.08,52,12,5.03
561,Nolinsk,RU,2021-08-02 01:12:49,57.5596,49.9363,63.25,74,87,5.55
562,Arlit,NE,2021-08-02 01:11:34,18.7369,7.3853,95.0,25,5,11.86
563,Awbari,LY,2021-08-02 01:09:00,26.5921,12.7805,85.87,12,0,6.24
564,Sur,OM,2021-08-02 01:12:50,22.5667,59.5289,89.82,56,100,4.61
565,Rio Grande,BR,2021-08-02 01:12:50,-32.035,-52.0986,48.94,94,0,5.68
566,Santarem,BR,2021-08-02 01:12:51,-2.4431,-54.7083,73.53,100,20,4.61
567,Verkh-Usugli,RU,2021-08-02 01:12:51,52.7,115.1667,63.46,57,0,4.07
568,Buncrana,IE,2021-08-02 01:12:51,55.1333,-7.45,48.87,89,100,3.49
569,Mayor Pablo Lagerenza,PY,2021-08-02 01:12:52,-19.9309,-60.7718,61.43,30,100,3.29
570,San Borja,BO,2021-08-02 01:12:52,-14.8167,-66.85,65.39,47,6,5.06
571,Noumea,NC,2021-08-02 01:12:53,-22.2763,166.4572,71.58,54,1,9.26
572,Nuuk,GL,2021-08-02 01:10:35,64.1835,-51.7216,57.81,72,90,3.44
573,Dombarovskiy,RU,2021-08-02 01:12:53,50.7587,59.5386,72.14,59,3,6.62
574,Paine,CL,2021-08-02 01:12:54,-33.8167,-70.75,67.71,26,1,3.22
575,Ust-Barguzin,RU,2021-08-02 01:12:54,53.45,108.9833,63.57,69,30,1.39
576,Fengkou,CN,2021-08-02 01:12:55,30.0833,113.2667,87.93,70,30,5.14
577,Golkoy,TR,2021-08-02 01:12:55,40.6875,37.6178,63.81,92,55,1.61
578,Truth Or Consequences,US,2021-08-02 01:11:00,33.1284,-107.2528,81.91,53,1,8.05
579,Ekibastuz,KZ,2021-08-02 01:12:56,51.6667,75.3667,73.69,47,4,9.13
580,Mizan Teferi,ET,2021-08-02 01:12:56,6.9833,35.5833,60.35,91,97,2.64
581,Tura,IN,2021-08-02 01:12:56,25.5198,90.2201,75.27,98,99,4.92
582,Pasni,PK,2021-08-02 01:12:57,25.2631,63.471,81.63,86,100,12.48
583,Yasnyy,RU,2021-08-02 01:12:57,51.0333,59.8742,70.21,63,9,5.66
584,Aragarcas,BR,2021-08-02 01:12:58,-15.8975,-52.2508,73.13,34,5,4.65
585,Plettenberg Bay,ZA,2021-08-02 01:12:58,-34.0527,23.3716,58.03,84,100,8.03
586,Makuyuni,TZ,2021-08-02 01:12:58,-4.7333,38.1,62.85,88,14,4.59
587,Solnechnyy,RU,2021-08-02 01:12:59,50.7214,136.6319,69.76,66,100,4.21
588,Port Jervis,US,2021-08-02 01:12:59,41.3751,-74.6927,67.39,64,84,4.03
589,Agnibilekrou,CI,2021-08-02 01:13:00,7.1344,-3.2047,69.28,99,43,2.86
590,Mbeya,TZ,2021-08-02 01:13:00,-8.9,33.45,50.27,87,23,5.23
591,Wonthaggi,AU,2021-08-02 01:13:00,-38.6044,145.5913,59.2,63,0,12.46
592,Los Andes,CL,2021-08-02 01:13:01,-32.8337,-70.5983,62.58,17,0,4.97
593,Cururupu,BR,2021-08-02 01:13:01,-1.8283,-44.8683,73.13,78,49,1.72
594,Tres Picos,MX,2021-08-02 01:13:02,15.8667,-93.5333,82.53,82,100,1.45
595,Santana,BR,2021-08-02 01:13:02,-0.0583,-51.1817,78.98,94,75,3.44
596,Adre,TD,2021-08-02 01:13:03,13.4667,22.2,69.04,85,100,16.28
597,Sidi Ali,DZ,2021-08-02 01:13:03,36.0998,0.4206,70.52,62,89,5.32
598,Yumen,CN,2021-08-02 01:13:04,40.2833,97.2,68.2,42,48,3.94
599,Bend,US,2021-08-02 01:13:04,44.0582,-121.3153,92.46,24,96,4.0
600,Wagga Wagga,AU,2021-08-02 01:13:05,-35.1167,147.3667,53.6,81,0,9.22
601,Iwaki,JP,2021-08-02 01:13:05,37.05,140.8833,89.76,68,33,10.67
602,Northam,GB,2021-08-02 01:13:05,51.0333,-4.2167,56.61,90,39,6.44
603,Romny,UA,2021-08-02 01:13:06,50.751,33.4747,72.95,55,100,7.92
604,Camacupa,AO,2021-08-02 01:13:06,-12.0167,17.4833,54.25,40,4,2.82
605,Altamira,BR,2021-08-02 01:11:16,-3.2033,-52.2064,73.36,78,15,2.75
606,Sotuta,MX,2021-08-02 01:13:07,20.6,-89.0167,82.83,70,74,7.16
607,Bucerias,MX,2021-08-02 01:13:07,20.75,-105.3333,87.98,70,75,11.5
608,San Francisco,US,2021-08-02 01:10:39,37.7749,-122.4194,85.12,70,20,4.0
609,Bundibugyo,UG,2021-08-02 01:09:16,0.7414,30.0417,68.81,71,100,2.86
610,Masterton,NZ,2021-08-02 01:09:31,-40.9597,175.6575,56.88,58,7,1.86
611,Iqaluit,CA,2021-08-02 01:13:08,63.7506,-68.5145,50.9,74,100,1.77
612,Yeppoon,AU,2021-08-02 01:13:09,-23.1333,150.7333,76.78,59,0,7.11
613,Longyearbyen,SJ,2021-08-02 01:09:44,78.2186,15.6401,44.44,76,75,13.8
614,Naze,JP,2021-08-02 01:13:09,28.3667,129.4833,80.26,86,64,17.02
615,Preobrazheniye,RU,2021-08-02 01:13:10,42.9019,133.9064,75.24,74,100,15.1
616,Bima,ID,2021-08-02 01:09:54,-8.4667,118.7167,84.45,64,55,5.75
617,Port-Gentil,GA,2021-08-02 01:13:10,-0.7193,8.7815,76.51,78,100,12.39
618,Sirtich,RU,2021-08-02 01:13:11,41.8321,48.228,73.74,53,69,4.94
619,Okha,RU,2021-08-02 01:13:11,53.5739,142.9478,59.85,72,100,9.89
620,Saveh,IR,2021-08-02 01:13:11,35.0213,50.3566,80.35,28,14,7.36
621,Saint-Georges,GD,2021-08-02 01:13:12,12.0564,-61.7485,82.08,83,20,11.5
622,Skibbereen,IE,2021-08-02 01:09:40,51.55,-9.2667,55.2,87,100,6.55
623,Tamiahua,MX,2021-08-02 01:13:12,21.2667,-97.45,81.68,79,2,6.98
624,Maldonado,UY,2021-08-02 01:13:13,-34.6667,-54.9167,45.23,93,0,1.25
625,Tankara,IN,2021-08-02 01:13:13,22.6667,70.7333,79.66,81,100,14.45
626,Sao Felix Do Xingu,BR,2021-08-02 01:13:14,-6.6447,-51.995,78.48,46,57,2.46
627,Anori,BR,2021-08-02 01:13:14,-3.7728,-61.6442,76.05,57,55,1.88
628,Raga,SS,2021-08-02 01:13:14,8.4596,25.678,67.69,96,100,4.45
629,Vila,PT,2021-08-02 01:13:15,42.0304,-8.1588,55.74,94,99,1.7
630,Bilibino,RU,2021-08-02 01:13:15,68.0546,166.4372,47.01,50,97,9.13
631,Whitecourt,CA,2021-08-02 01:13:16,54.1502,-115.6855,87.57,37,93,6.64
632,Sungaipenuh,ID,2021-08-02 01:13:16,-2.0833,101.3833,67.73,87,100,1.12
633,Baruun-Urt,MN,2021-08-02 01:13:16,46.6806,113.2792,71.06,37,2,15.21
634,Huejuquilla El Alto,MX,2021-08-02 01:13:17,22.6,-103.8667,76.32,47,61,3.0
635,Mount Isa,AU,2021-08-02 01:13:17,-20.7333,139.5,87.57,29,40,11.5
636,Salamanca,ES,2021-08-02 01:13:18,40.8333,-6.0,57.99,92,6,2.64
637,Agua Verde,MX,2021-08-02 01:13:18,22.9,-106.05,89.13,72,100,10.09
638,Deputatskiy,RU,2021-08-02 01:10:22,69.3,139.9,50.27,55,10,6.55
639,Sakakah,SA,2021-08-02 01:09:07,29.9697,40.2064,85.26,21,0,10.89
640,Lensk,RU,2021-08-02 01:13:19,60.7253,114.9278,69.46,49,100,7.31
641,Coolum Beach,AU,2021-08-02 01:13:19,-26.5333,153.1,77.34,79,16,5.59
642,Sao Gabriel Da Cachoeira,BR,2021-08-02 01:13:20,-0.1303,-67.0892,73.6,73,100,1.45
643,Wittenheim,FR,2021-08-02 01:13:20,47.8078,7.337,59.45,93,8,3.8
644,Sawakin,SD,2021-08-02 01:13:20,19.1059,37.3321,91.44,51,28,17.9
645,Dauphin,CA,2021-08-02 01:08:52,51.1494,-100.0502,80.47,28,56,6.58
646,Trairi,BR,2021-08-02 01:12:38,-3.2778,-39.2689,74.79,75,95,6.8
647,Panalingaan,PH,2021-08-02 01:13:21,8.7842,117.4231,85.32,71,56,11.25
648,Viedma,AR,2021-08-02 01:09:12,-40.8135,-62.9967,51.21,50,0,16.75
649,Aliwal North,ZA,2021-08-02 01:13:22,-30.6937,26.7114,42.03,53,76,0.76
650,Toppenish,US,2021-08-02 01:13:22,46.3774,-120.3087,93.81,43,52,10.2
651,Mlonggo,ID,2021-08-02 01:13:23,-6.5333,110.7,80.49,64,7,7.96
652,Half Moon Bay,US,2021-08-02 01:09:30,37.4636,-122.4286,82.51,65,20,12.66
653,Araouane,ML,2021-08-02 01:13:23,18.9048,-3.5265,93.27,36,0,11.14
654,Kipushi,CD,2021-08-02 01:13:24,-11.7667,27.2333,54.37,68,0,4.14
655,Lincoln,US,2021-08-02 01:08:34,40.8,-96.667,78.35,51,1,3.0
656,Marsa Matruh,EG,2021-08-02 01:13:24,31.3525,27.2453,79.16,86,0,12.21
657,Nalut,LY,2021-08-02 01:13:25,30.3333,10.85,87.08,14,4,8.97
658,Yerbogachen,RU,2021-08-02 01:13:25,61.2767,108.0108,66.0,58,100,6.33
659,Delta Del Tigre,UY,2021-08-02 01:13:25,-34.7633,-56.3853,48.31,95,0,1.99
660,College,US,2021-08-02 01:10:15,64.8569,-147.8028,79.12,55,75,0.0
661,Margate,GB,2021-08-02 01:13:26,51.3813,1.3862,58.71,85,87,1.99
662,Dayong,CN,2021-08-02 01:13:27,25.0209,118.2898,84.47,80,100,1.19
663,Ilulissat,GL,2021-08-02 01:13:27,69.2167,-51.1,59.02,36,0,25.32
664,Mwinilunga,ZM,2021-08-02 01:13:27,-11.7358,24.4293,55.63,56,6,3.51
665,Yanam,IN,2021-08-02 01:13:28,16.7333,82.2167,84.6,63,100,5.91
666,Erzin,TR,2021-08-02 01:13:28,36.9559,36.2,79.52,73,0,1.95
667,Port Hedland,AU,2021-08-02 01:13:29,-20.3167,118.5667,68.05,34,0,24.16
668,Bonfim,BR,2021-08-02 01:13:29,3.0833,-59.95,74.17,95,100,4.72
669,Vilya,RU,2021-08-02 01:13:30,55.2456,42.2089,66.36,60,100,4.72
670,Huanan,CN,2021-08-02 01:13:30,46.2167,130.5167,84.99,59,99,8.46
671,Sinegorye,RU,2021-08-02 01:13:31,62.0788,150.477,41.43,76,100,14.12
672,Kakanj,BA,2021-08-02 01:13:31,44.1272,18.1181,66.0,71,39,1.16
673,Tranas,SE,2021-08-02 01:13:31,58.0372,14.9782,54.18,97,30,4.68
674,Casa Nova,BR,2021-08-02 01:13:32,-9.4167,-41.1333,70.65,61,30,19.19
675,Verkhnevilyuysk,RU,2021-08-02 01:13:32,63.4453,120.3167,76.84,47,100,8.16
676,Touros,BR,2021-08-02 01:09:28,-5.1989,-35.4608,76.1,73,9,17.45
677,Conde,BR,2021-08-02 01:13:33,-7.2597,-34.9075,71.06,94,75,9.22
678,Shahrud,IR,2021-08-02 01:13:33,36.4182,54.9763,67.39,49,13,7.29
679,Braganca Paulista,BR,2021-08-02 01:13:34,-22.94,-46.5556,54.84,88,79,4.5
